{"cameraMode":{"drawMode":0,"name":"Shaded","section":"Shading Mode"},"sceneLighting":false,"audioPlay":false,"sceneViewState":{"m_AlwaysRefresh":false,"showFog":true,"showSkybox":true,"showFlares":true,"showImageEffects":true,"showParticleSystems":true,"showVisualEffectGraphs":true,"m_FxEnabled":true},"in2DMode":false,"pivot":{"x":-3.5094804763793947,"y":-6.501049995422363,"z":13.006429672241211},"rotation":{"x":-0.20090343058109284,"y":0.13673467934131623,"z":-0.02833162248134613,"w":-0.9696077108383179},"size":15.319084167480469,"orthographic":false}