{"cameraMode":{"drawMode":0,"name":"Shaded","section":"Shading Mode"},"sceneLighting":false,"audioPlay":false,"sceneViewState":{"m_AlwaysRefresh":false,"showFog":true,"showSkybox":false,"showFlares":true,"showImageEffects":true,"showParticleSystems":true,"showVisualEffectGraphs":true,"m_FxEnabled":true},"in2DMode":false,"pivot":{"x":0.0026788711547851564,"y":0.8278781175613403,"z":0.023358166217803956},"rotation":{"x":-0.12240248918533325,"y":-0.09749801456928253,"z":0.012083870358765126,"w":-0.9876075387001038},"size":1.2738285064697266,"orthographic":false}